n,shamir_decryption_ms,paillier_decryption_ms
2,0.002437236253172159,0.009387556929141283
10,0.009182700887322426,0.008653861004859209
100,0.5535037838853896,0.00954936258494854
250,3.0145407072268426,0.00965689541772008
500,11.69995202217251,0.009881565347313881
