n,shamir_decryption_ms,paillier_decryption_ms
2,0.002477504312992096,0.010698859114199877
10,0.009128847159445286,0.010125699918717146
100,0.5552614689804614,0.011003005784004927
250,3.0095250345766544,0.011214148253202438
500,11.6729891509749,0.011403555981814861
