n,dp_time_ms,result
2,0.5944268079474568,"[array([0.90964873]), array([3.63007769]), array([4.81911307]), array([0.57888116]), array([1.72705991]), array([1.98697448]), array([0.69218609]), array([1.04357574]), array([4.27960781]), array([4.66886821]), array([-0.68128967]), array([3.03993753]), array([3.60539394]), array([2.71096895]), array([3.73557316]), array([2.73559098]), array([5.54583]), array([3.1695676]), array([5.88795404]), array([2.11824602])]"
10,0.007016351446509361,"[array([8.29901669]), array([11.32181767]), array([6.75023516]), array([5.96384483]), array([8.47755729]), array([9.69301777]), array([9.85265912]), array([6.76272672]), array([2.67475181]), array([10.6528515]), array([7.93492319]), array([11.1861157]), array([10.24651727]), array([9.68729654]), array([3.55696313]), array([11.99790045]), array([9.66382731]), array([10.95689336]), array([8.40374649]), array([10.40346029])]"
100,0.00862529268488288,"[array([96.01900241]), array([95.51834949]), array([97.35505137]), array([99.12692443]), array([102.27189182]), array([95.63226409]), array([99.07615277]), array([101.69646824]), array([96.60149919]), array([98.42645345]), array([95.52503449]), array([100.06747571]), array([97.63794245]), array([93.42007979]), array([101.64107898]), array([97.92914625]), array([101.57094316]), array([97.75755739]), array([101.55304979]), array([100.24858272])]"
250,0.012205960229039192,"[array([254.93953493]), array([253.75930448]), array([258.94420084]), array([255.45064682]), array([253.32170884]), array([254.87059331]), array([254.88976404]), array([249.61220196]), array([253.95247911]), array([255.08856851]), array([251.19713794]), array([254.36270477]), array([258.52544179]), array([256.28977013]), array([260.83051732]), array([255.29883247]), array([252.71584831]), array([255.94164353]), array([255.26922616]), array([253.56251188])]"
500,0.017143506556749344,"[array([496.78338635]), array([498.91642155]), array([496.7088871]), array([497.88448907]), array([498.98243102]), array([490.32879154]), array([497.73827291]), array([497.8051576]), array([498.83660845]), array([497.02820628]), array([494.40874374]), array([501.47427968]), array([495.0082629]), array([497.51668875]), array([501.48516098]), array([502.85365425]), array([494.38349901]), array([498.81922854]), array([497.40413581]), array([499.39342909])]"
