n,dp_time_ms,result
2,0.4283518414013088,"[array([4.58331915]), array([2.92628679]), array([4.45710796]), array([2.25968051]), array([3.16227777]), array([5.99038758]), array([2.50069197]), array([3.62095217]), array([2.67739524]), array([2.54428069]), array([3.10344152]), array([10.83392093]), array([2.98737973]), array([2.05587119]), array([4.37825226]), array([6.85592398]), array([1.52064754]), array([2.29090591]), array([3.82442007]), array([3.4054122])]"
10,0.0069651054218411446,"[array([10.87796339]), array([14.65414386]), array([10.91142574]), array([10.08755]), array([9.50141937]), array([10.6488377]), array([9.7699077]), array([13.67973754]), array([9.633014]), array([10.17563528]), array([9.10511311]), array([11.45227902]), array([7.33447632]), array([11.55700024]), array([10.01817788]), array([12.84054028]), array([9.07114787]), array([13.83163178]), array([15.3708028]), array([6.0286604])]"
100,0.011820078361779451,"[array([99.57289493]), array([112.54423029]), array([104.50626534]), array([101.57686091]), array([108.55910655]), array([103.41157958]), array([102.4050838]), array([105.89684874]), array([103.13652487]), array([103.83166882]), array([106.11447495]), array([108.00114368]), array([105.16747198]), array([100.72836604]), array([103.02600674]), array([104.81312842]), array([103.58132101]), array([98.98346643]), array([103.97318891]), array([104.85109027])]"
250,0.011962279677391052,"[array([241.50363615]), array([246.00684378]), array([243.72316747]), array([250.04819018]), array([244.9140105]), array([240.49653453]), array([241.13577552]), array([241.09676157]), array([243.86047242]), array([245.88551566]), array([240.85385447]), array([243.5042972]), array([245.36865747]), array([244.41909882]), array([240.63506539]), array([246.84016546]), array([247.04662235]), array([244.41742965]), array([238.98633774]), array([244.04796357])]"
500,0.017036288045346737,"[array([498.8361264]), array([496.18815765]), array([492.91315425]), array([495.28437787]), array([491.8496328]), array([499.61755634]), array([493.31840494]), array([494.59706922]), array([494.77240374]), array([492.56157709]), array([494.74023952]), array([494.21210449]), array([496.17274437]), array([490.96868701]), array([495.33542827]), array([493.58020239]), array([487.90532499]), array([488.24635797]), array([499.18694357]), array([493.80568549])]"
