n,shamir_encryption_ms,paillier_encryption_ms
2,0.0052705989219248295,0.04236756358295679
10,0.1350818551145494,0.16039086040109396
100,175.54247784428298,1.523983257357031
250,3729.65322494274,3.7367473705671728
500,35707.22698472673,7.455282530281693
