n,shamir_encryption_ms,paillier_encryption_ms
2,0.005341367796063423,0.0433623674325645
10,0.13844313798472285,0.15837708488106728
100,175.77338070841506,1.4572038897313178
250,3728.6153182853013,3.6163302371278405
500,35700.60195014812,7.204290269874036
