n,encryption_time_ms,addition_time_ms,decryption_time_ms,total_time_ms,result
2,0.04236756358295679,0.007026316598057747,0.009387556929141283,0.058781437110155814,"[3.5, 3.5, 3.5, 3.5, 3.5, 3.5, 3.5, 3.5, 3.5, 3.5, 3.5, 3.5, 3.5, 3.5, 3.5, 3.5, 3.5, 3.5, 3.5, 3.5]"
10,0.16039086040109396,0.010572315659373999,0.008653861004859209,0.17961703706532717,"[9.3, 9.3, 9.3, 9.3, 9.3, 9.3, 9.3, 9.3, 9.3, 9.3, 9.3, 9.3, 9.3, 9.3, 9.3, 9.3, 9.3, 9.3, 9.3, 9.3]"
100,1.523983257357031,0.06535162683576345,0.00954936258494854,1.598884246777743,"[97.51, 97.51, 97.51, 97.51, 97.51, 97.51, 97.51, 97.51, 97.51, 97.51, 97.51, 97.51, 97.51, 97.51, 97.51, 97.51, 97.51, 97.51, 97.51, 97.51]"
250,3.7367473705671728,0.15198271721601486,0.00965689541772008,3.898386983200908,"[254.188, 254.188, 254.188, 254.188, 254.188, 254.188, 254.188, 254.188, 254.188, 254.188, 254.188, 254.188, 254.188, 254.188, 254.188, 254.188, 254.188, 254.188, 254.188, 254.188]"
500,7.455282530281693,0.2935528289526701,0.009881565347313881,7.758716924581677,"[497.996, 497.996, 497.996, 497.996, 497.996, 497.996, 497.996, 497.996, 497.996, 497.996, 497.996, 497.996, 497.996, 497.996, 497.996, 497.996, 497.996, 497.996, 497.996, 497.996]"
