n,encryption_time_ms,addition_time_ms,decryption_time_ms,total_time_ms,result
2,0.0433623674325645,0.006788608152419329,0.010959419887512922,0.061110395472496755,"[3.0, 3.0, 3.0, 3.0, 3.0, 3.0, 3.0, 3.0, 3.0, 3.0, 3.0, 3.0, 3.0, 3.0, 3.0, 3.0, 3.0, 3.0, 3.0, 3.0]"
10,0.15837708488106728,0.010958488564938307,0.011264602653682232,0.18060017609968781,"[9.6, 9.6, 9.6, 9.6, 9.6, 9.6, 9.6, 9.6, 9.6, 9.6, 9.6, 9.6, 9.6, 9.6, 9.6, 9.6, 9.6, 9.6, 9.6, 9.6]"
100,1.4572038897313178,0.06468859501183033,0.01167601440101862,1.5335684991441667,"[91.32, 91.32, 91.32, 91.32, 91.32, 91.32, 91.32, 91.32, 91.32, 91.32, 91.32, 91.32, 91.32, 91.32, 91.32, 91.32, 91.32, 91.32, 91.32, 91.32]"
250,3.6163302371278405,0.15127473743632436,0.012185762170702219,3.779790736734867,"[257.652, 257.652, 257.652, 257.652, 257.652, 257.652, 257.652, 257.652, 257.652, 257.652, 257.652, 257.652, 257.652, 257.652, 257.652, 257.652, 257.652, 257.652, 257.652, 257.652]"
500,7.204290269874036,0.2931017894297838,0.011717609595507383,7.509109668899328,"[507.724, 507.724, 507.724, 507.724, 507.724, 507.724, 507.724, 507.724, 507.724, 507.724, 507.724, 507.724, 507.724, 507.724, 507.724, 507.724, 507.724, 507.724, 507.724, 507.724]"
