n,encryption_time_ms,calculation_time_ms,decryption_time_ms,total_time_ms,result
2,0.0052705989219248295,0.0013166340067982674,0.002437236253172159,0.009024469181895254,"[3.5, 3.5, 3.5, 3.5, 3.5, 3.5, 3.5, 3.5, 3.5, 3.5, 3.5, 3.5, 3.5, 3.5, 3.5, 3.5, 3.5, 3.5, 3.5, 3.5]"
10,0.1350818551145494,0.007665180601179599,0.009182700887322426,0.15192973660305142,"[9.3, 9.3, 9.3, 9.3, 9.3, 9.3, 9.3, 9.3, 9.3, 9.3, 9.3, 9.3, 9.3, 9.3, 9.3, 9.3, 9.3, 9.3, 9.3, 9.3]"
100,175.54247784428298,0.5169120733626187,0.5535037838853896,176.612893701531,"[97.51, 97.51, 97.51, 97.51, 97.51, 97.51, 97.51, 97.51, 97.51, 97.51, 97.51, 97.51, 97.51, 97.51, 97.51, 97.51, 97.51, 97.51, 97.51, 97.51]"
250,3729.65322494274,3.7378730485215783,3.0145407072268426,3736.4056386984885,"[254.188, 254.188, 254.188, 254.188, 254.188, 254.188, 254.188, 254.188, 254.188, 254.188, 254.188, 254.188, 254.188, 254.188, 254.188, 254.188, 254.188, 254.188, 254.188, 254.188]"
500,35707.22698472673,18.94668972818181,11.69995202217251,35737.873626477085,"[497.996, 497.996, 497.996, 497.996, 497.996, 497.996, 497.996, 497.996, 497.996, 497.996, 497.996, 497.996, 497.996, 497.996, 497.996, 497.996, 497.996, 497.996, 497.996, 497.996]"
