n,encryption_time_ms,calculation_time_ms,decryption_time_ms,total_time_ms,result
2,0.005341367796063423,0.0013327691704034805,0.0024896697141230106,0.009163806680589914,"[3.0, 3.0, 3.0, 3.0, 3.0, 3.0, 3.0, 3.0, 3.0, 3.0, 3.0, 3.0, 3.0, 3.0, 3.0, 3.0, 3.0, 3.0, 3.0, 3.0]"
10,0.13844313798472285,0.008544593583792448,0.00956786097958684,0.15655559254810214,"[9.6, 9.6, 9.6, 9.6, 9.6, 9.6, 9.6, 9.6, 9.6, 9.6, 9.6, 9.6, 9.6, 9.6, 9.6, 9.6, 9.6, 9.6, 9.6, 9.6]"
100,175.77338070841506,0.5496405065059662,0.5569273722358048,176.87994858715683,"[91.32, 91.32, 91.32, 91.32, 91.32, 91.32, 91.32, 91.32, 91.32, 91.32, 91.32, 91.32, 91.32, 91.32, 91.32, 91.32, 91.32, 91.32, 91.32, 91.32]"
250,3728.6153182853013,3.8888717885129154,3.0590141657739878,3735.563204239588,"[257.652, 257.652, 257.652, 257.652, 257.652, 257.652, 257.652, 257.652, 257.652, 257.652, 257.652, 257.652, 257.652, 257.652, 257.652, 257.652, 257.652, 257.652, 257.652, 257.652]"
500,35700.60195014812,18.84422762086615,11.721293826121837,35731.16747159511,"[507.724, 507.724, 507.724, 507.724, 507.724, 507.724, 507.724, 507.724, 507.724, 507.724, 507.724, 507.724, 507.724, 507.724, 507.724, 507.724, 507.724, 507.724, 507.724, 507.724]"
